school,playerstatsurl,matchstatsurl
A&M-Corpus Christi Islanders,https://stats.ncaa.org/team/26172/stats/14242,https://stats.ncaa.org/player/game_by_game?game_sport_year_ctl_id=14242&org_id=26172&stats_player_seq=-100
Abilene Christian Wildcats,https://stats.ncaa.org/team/2/stats/14242,https://stats.ncaa.org/player/game_by_game?game_sport_year_ctl_id=14242&org_id=2&stats_player_seq=-100
Air Force Falcons,https://stats.ncaa.org/team/721/stats/14242,https://stats.ncaa.org/player/game_by_game?game_sport_year_ctl_id=14242&org_id=721&stats_player_seq=-100
Akron Zips,https://stats.ncaa.org/team/5/stats/14242,https://stats.ncaa.org/player/game_by_game?game_sport_year_ctl_id=14242&org_id=5&stats_player_seq=-100
Alabama Crimson Tide,https://stats.ncaa.org/team/8/stats/14242,https://stats.ncaa.org/player/game_by_game?game_sport_year_ctl_id=14242&org_id=8&stats_player_seq=-100
Alabama A&M Bulldogs,https://stats.ncaa.org/team/6/stats/14242,https://stats.ncaa.org/player/game_by_game?game_sport_year_ctl_id=14242&org_id=6&stats_player_seq=-100
Alabama St. Lady Hornets,https://stats.ncaa.org/team/7/stats/14242,https://stats.ncaa.org/player/game_by_game?game_sport_year_ctl_id=14242&org_id=7&stats_player_seq=-100
UAlbany Great Danes,https://stats.ncaa.org/team/14/stats/14242,https://stats.ncaa.org/player/game_by_game?game_sport_year_ctl_id=14242&org_id=14&stats_player_seq=-100
Alcorn Lady Braves,https://stats.ncaa.org/team/17/stats/14242,https://stats.ncaa.org/player/game_by_game?game_sport_year_ctl_id=14242&org_id=17&stats_player_seq=-100
American Eagles,https://stats.ncaa.org/team/23/stats/14242,https://stats.ncaa.org/player/game_by_game?game_sport_year_ctl_id=14242&org_id=23&stats_player_seq=-100
App State Mountaineers,https://stats.ncaa.org/team/27/stats/14242,https://stats.ncaa.org/player/game_by_game?game_sport_year_ctl_id=14242&org_id=27&stats_player_seq=-100
Arizona Wildcats,https://stats.ncaa.org/team/29/stats/14242,https://stats.ncaa.org/player/game_by_game?game_sport_year_ctl_id=14242&org_id=29&stats_player_seq=-100
Arizona St. Sun Devils,https://stats.ncaa.org/team/28/stats/14242,https://stats.ncaa.org/player/game_by_game?game_sport_year_ctl_id=14242&org_id=28&stats_player_seq=-100
Ark.-Pine Bluff Lady Lions,https://stats.ncaa.org/team/2678/stats/14242,https://stats.ncaa.org/player/game_by_game?game_sport_year_ctl_id=14242&org_id=2678&stats_player_seq=-100
Arkansas Razorbacks,https://stats.ncaa.org/team/31/stats/14242,https://stats.ncaa.org/player/game_by_game?game_sport_year_ctl_id=14242&org_id=31&stats_player_seq=-100
Arkansas St. Red Wolves,https://stats.ncaa.org/team/30/stats/14242,https://stats.ncaa.org/player/game_by_game?game_sport_year_ctl_id=14242&org_id=30&stats_player_seq=-100
Army West Point Black Knights,https://stats.ncaa.org/team/725/stats/14242,https://stats.ncaa.org/player/game_by_game?game_sport_year_ctl_id=14242&org_id=725&stats_player_seq=-100
Auburn Tigers,https://stats.ncaa.org/team/37/stats/14242,https://stats.ncaa.org/player/game_by_game?game_sport_year_ctl_id=14242&org_id=37&stats_player_seq=-100
Austin Peay Governors,https://stats.ncaa.org/team/43/stats/14242,https://stats.ncaa.org/player/game_by_game?game_sport_year_ctl_id=14242&org_id=43&stats_player_seq=-100
Ball St. Cardinals,https://stats.ncaa.org/team/47/stats/14242,https://stats.ncaa.org/player/game_by_game?game_sport_year_ctl_id=14242&org_id=47&stats_player_seq=-100
Baylor Lady Bears,https://stats.ncaa.org/team/51/stats/14242,https://stats.ncaa.org/player/game_by_game?game_sport_year_ctl_id=14242&org_id=51&stats_player_seq=-100
Belmont Bruins,https://stats.ncaa.org/team/14927/stats/14242,https://stats.ncaa.org/player/game_by_game?game_sport_year_ctl_id=14242&org_id=14927&stats_player_seq=-100
Bethune-Cookman Wildcats,https://stats.ncaa.org/team/61/stats/14242,https://stats.ncaa.org/player/game_by_game?game_sport_year_ctl_id=14242&org_id=61&stats_player_seq=-100
Binghamton Bearcats,https://stats.ncaa.org/team/62/stats/14242,https://stats.ncaa.org/player/game_by_game?game_sport_year_ctl_id=14242&org_id=62&stats_player_seq=-100
Boise St. Broncos,https://stats.ncaa.org/team/66/stats/14242,https://stats.ncaa.org/player/game_by_game?game_sport_year_ctl_id=14242&org_id=66&stats_player_seq=-100
Boston College Eagles,https://stats.ncaa.org/team/67/stats/14242,https://stats.ncaa.org/player/game_by_game?game_sport_year_ctl_id=14242&org_id=67&stats_player_seq=-100
Bowling Green Falcons,https://stats.ncaa.org/team/71/stats/14242,https://stats.ncaa.org/player/game_by_game?game_sport_year_ctl_id=14242&org_id=71&stats_player_seq=-100
Bradley Braves,https://stats.ncaa.org/team/72/stats/14242,https://stats.ncaa.org/player/game_by_game?game_sport_year_ctl_id=14242&org_id=72&stats_player_seq=-100
Brown Bears,https://stats.ncaa.org/team/80/stats/14242,https://stats.ncaa.org/player/game_by_game?game_sport_year_ctl_id=14242&org_id=80&stats_player_seq=-100
Bryant Bulldogs,https://stats.ncaa.org/team/81/stats/14242,https://stats.ncaa.org/player/game_by_game?game_sport_year_ctl_id=14242&org_id=81&stats_player_seq=-100
Bucknell Bison,https://stats.ncaa.org/team/83/stats/14242,https://stats.ncaa.org/player/game_by_game?game_sport_year_ctl_id=14242&org_id=83&stats_player_seq=-100
Buffalo Bulls,https://stats.ncaa.org/team/86/stats/14242,https://stats.ncaa.org/player/game_by_game?game_sport_year_ctl_id=14242&org_id=86&stats_player_seq=-100
Butler Bulldogs,https://stats.ncaa.org/team/87/stats/14242,https://stats.ncaa.org/player/game_by_game?game_sport_year_ctl_id=14242&org_id=87&stats_player_seq=-100
BYU Cougars,https://stats.ncaa.org/team/77/stats/14242,https://stats.ncaa.org/player/game_by_game?game_sport_year_ctl_id=14242&org_id=77&stats_player_seq=-100
Cal Poly Mustangs,https://stats.ncaa.org/team/90/stats/14242,https://stats.ncaa.org/player/game_by_game?game_sport_year_ctl_id=14242&org_id=90&stats_player_seq=-100
Cal St. Fullerton Titans,https://stats.ncaa.org/team/97/stats/14242,https://stats.ncaa.org/player/game_by_game?game_sport_year_ctl_id=14242&org_id=97&stats_player_seq=-100
California Golden Bears,https://stats.ncaa.org/team/107/stats/14242,https://stats.ncaa.org/player/game_by_game?game_sport_year_ctl_id=14242&org_id=107&stats_player_seq=-100
California Baptist Lancers,https://stats.ncaa.org/team/30135/stats/14242,https://stats.ncaa.org/player/game_by_game?game_sport_year_ctl_id=14242&org_id=30135&stats_player_seq=-100
Campbell Camels,https://stats.ncaa.org/team/115/stats/14242,https://stats.ncaa.org/player/game_by_game?game_sport_year_ctl_id=14242&org_id=115&stats_player_seq=-100
Canisius Golden Griffins,https://stats.ncaa.org/team/116/stats/14242,https://stats.ncaa.org/player/game_by_game?game_sport_year_ctl_id=14242&org_id=116&stats_player_seq=-100
Central Ark.  Sugar Bears,https://stats.ncaa.org/team/1004/stats/14242,https://stats.ncaa.org/player/game_by_game?game_sport_year_ctl_id=14242&org_id=1004&stats_player_seq=-100
Central Conn. St. Blue Devils,https://stats.ncaa.org/team/127/stats/14242,https://stats.ncaa.org/player/game_by_game?game_sport_year_ctl_id=14242&org_id=127&stats_player_seq=-100
Central Mich. Chippewas,https://stats.ncaa.org/team/129/stats/14242,https://stats.ncaa.org/player/game_by_game?game_sport_year_ctl_id=14242&org_id=129&stats_player_seq=-100
Charleston So. Buccaneers,https://stats.ncaa.org/team/48/stats/14242,https://stats.ncaa.org/player/game_by_game?game_sport_year_ctl_id=14242&org_id=48&stats_player_seq=-100
Charlotte 49ers,https://stats.ncaa.org/team/458/stats/14242,https://stats.ncaa.org/player/game_by_game?game_sport_year_ctl_id=14242&org_id=458&stats_player_seq=-100
Chattanooga Mocs,https://stats.ncaa.org/team/693/stats/14242,https://stats.ncaa.org/player/game_by_game?game_sport_year_ctl_id=14242&org_id=693&stats_player_seq=-100
Chicago St. Cougars,https://stats.ncaa.org/team/136/stats/14242,https://stats.ncaa.org/player/game_by_game?game_sport_year_ctl_id=14242&org_id=136&stats_player_seq=-100
Cincinnati Bearcats,https://stats.ncaa.org/team/140/stats/14242,https://stats.ncaa.org/player/game_by_game?game_sport_year_ctl_id=14242&org_id=140&stats_player_seq=-100
Clemson Tigers,https://stats.ncaa.org/team/147/stats/14242,https://stats.ncaa.org/player/game_by_game?game_sport_year_ctl_id=14242&org_id=147&stats_player_seq=-100
Cleveland St. Vikings,https://stats.ncaa.org/team/148/stats/14242,https://stats.ncaa.org/player/game_by_game?game_sport_year_ctl_id=14242&org_id=148&stats_player_seq=-100
Coastal Carolina Chanticleers,https://stats.ncaa.org/team/149/stats/14242,https://stats.ncaa.org/player/game_by_game?game_sport_year_ctl_id=14242&org_id=149&stats_player_seq=-100
Col. of Charleston Cougars,https://stats.ncaa.org/team/1014/stats/14242,https://stats.ncaa.org/player/game_by_game?game_sport_year_ctl_id=14242&org_id=1014&stats_player_seq=-100
Colgate Raiders,https://stats.ncaa.org/team/153/stats/14242,https://stats.ncaa.org/player/game_by_game?game_sport_year_ctl_id=14242&org_id=153&stats_player_seq=-100
Colorado Buffaloes,https://stats.ncaa.org/team/157/stats/14242,https://stats.ncaa.org/player/game_by_game?game_sport_year_ctl_id=14242&org_id=157&stats_player_seq=-100
Colorado St. Rams,https://stats.ncaa.org/team/156/stats/14242,https://stats.ncaa.org/player/game_by_game?game_sport_year_ctl_id=14242&org_id=156&stats_player_seq=-100
Columbia Lions,https://stats.ncaa.org/team/158/stats/14242,https://stats.ncaa.org/player/game_by_game?game_sport_year_ctl_id=14242&org_id=158&stats_player_seq=-100
Coppin St. Eagles,https://stats.ncaa.org/team/165/stats/14242,https://stats.ncaa.org/player/game_by_game?game_sport_year_ctl_id=14242&org_id=165&stats_player_seq=-100
Cornell Big Red,https://stats.ncaa.org/team/167/stats/14242,https://stats.ncaa.org/player/game_by_game?game_sport_year_ctl_id=14242&org_id=167&stats_player_seq=-100
Creighton Bluejays,https://stats.ncaa.org/team/169/stats/14242,https://stats.ncaa.org/player/game_by_game?game_sport_year_ctl_id=14242&org_id=169&stats_player_seq=-100
CSU Bakersfield Roadrunners,https://stats.ncaa.org/team/94/stats/14242,https://stats.ncaa.org/player/game_by_game?game_sport_year_ctl_id=14242&org_id=94&stats_player_seq=-100
CSUN Matadors,https://stats.ncaa.org/team/101/stats/14242,https://stats.ncaa.org/player/game_by_game?game_sport_year_ctl_id=14242&org_id=101&stats_player_seq=-100
Dartmouth Big Green,https://stats.ncaa.org/team/172/stats/14242,https://stats.ncaa.org/player/game_by_game?game_sport_year_ctl_id=14242&org_id=172&stats_player_seq=-100
Davidson Wildcats,https://stats.ncaa.org/team/173/stats/14242,https://stats.ncaa.org/player/game_by_game?game_sport_year_ctl_id=14242&org_id=173&stats_player_seq=-100
Dayton Flyers,https://stats.ncaa.org/team/175/stats/14242,https://stats.ncaa.org/player/game_by_game?game_sport_year_ctl_id=14242&org_id=175&stats_player_seq=-100
Delaware Blue Hens,https://stats.ncaa.org/team/180/stats/14242,https://stats.ncaa.org/player/game_by_game?game_sport_year_ctl_id=14242&org_id=180&stats_player_seq=-100
Delaware St. Hornets,https://stats.ncaa.org/team/178/stats/14242,https://stats.ncaa.org/player/game_by_game?game_sport_year_ctl_id=14242&org_id=178&stats_player_seq=-100
Denver Pioneers,https://stats.ncaa.org/team/183/stats/14242,https://stats.ncaa.org/player/game_by_game?game_sport_year_ctl_id=14242&org_id=183&stats_player_seq=-100
DePaul Blue Demons,https://stats.ncaa.org/team/176/stats/14242,https://stats.ncaa.org/player/game_by_game?game_sport_year_ctl_id=14242&org_id=176&stats_player_seq=-100
Drake Bulldogs,https://stats.ncaa.org/team/189/stats/14242,https://stats.ncaa.org/player/game_by_game?game_sport_year_ctl_id=14242&org_id=189&stats_player_seq=-100
Duke Blue Devils,https://stats.ncaa.org/team/193/stats/14242,https://stats.ncaa.org/player/game_by_game?game_sport_year_ctl_id=14242&org_id=193&stats_player_seq=-100
Duquesne Dukes,https://stats.ncaa.org/team/194/stats/14242,https://stats.ncaa.org/player/game_by_game?game_sport_year_ctl_id=14242&org_id=194&stats_player_seq=-100
East Carolina Pirates,https://stats.ncaa.org/team/196/stats/14242,https://stats.ncaa.org/player/game_by_game?game_sport_year_ctl_id=14242&org_id=196&stats_player_seq=-100
Eastern Ill. Panthers,https://stats.ncaa.org/team/201/stats/14242,https://stats.ncaa.org/player/game_by_game?game_sport_year_ctl_id=14242&org_id=201&stats_player_seq=-100
Eastern Ky. Colonels,https://stats.ncaa.org/team/202/stats/14242,https://stats.ncaa.org/player/game_by_game?game_sport_year_ctl_id=14242&org_id=202&stats_player_seq=-100
Eastern Mich. Eagles,https://stats.ncaa.org/team/204/stats/14242,https://stats.ncaa.org/player/game_by_game?game_sport_year_ctl_id=14242&org_id=204&stats_player_seq=-100
Eastern Wash. Eagles,https://stats.ncaa.org/team/207/stats/14242,https://stats.ncaa.org/player/game_by_game?game_sport_year_ctl_id=14242&org_id=207&stats_player_seq=-100
Elon Phoenix,https://stats.ncaa.org/team/1068/stats/14242,https://stats.ncaa.org/player/game_by_game?game_sport_year_ctl_id=14242&org_id=1068&stats_player_seq=-100
ETSU Buccaneers (Bucs),https://stats.ncaa.org/team/198/stats/14242,https://stats.ncaa.org/player/game_by_game?game_sport_year_ctl_id=14242&org_id=198&stats_player_seq=-100
Evansville Purple Aces,https://stats.ncaa.org/team/219/stats/14242,https://stats.ncaa.org/player/game_by_game?game_sport_year_ctl_id=14242&org_id=219&stats_player_seq=-100
Fairfield Stags,https://stats.ncaa.org/team/220/stats/14242,https://stats.ncaa.org/player/game_by_game?game_sport_year_ctl_id=14242&org_id=220&stats_player_seq=-100
Fairleigh Dickinson Knights,https://stats.ncaa.org/team/222/stats/14242,https://stats.ncaa.org/player/game_by_game?game_sport_year_ctl_id=14242&org_id=222&stats_player_seq=-100
FGCU Eagles,https://stats.ncaa.org/team/28755/stats/14242,https://stats.ncaa.org/player/game_by_game?game_sport_year_ctl_id=14242&org_id=28755&stats_player_seq=-100
FIU Panthers,https://stats.ncaa.org/team/231/stats/14242,https://stats.ncaa.org/player/game_by_game?game_sport_year_ctl_id=14242&org_id=231&stats_player_seq=-100
Fla. Atlantic Owls,https://stats.ncaa.org/team/229/stats/14242,https://stats.ncaa.org/player/game_by_game?game_sport_year_ctl_id=14242&org_id=229&stats_player_seq=-100
Florida Gators,https://stats.ncaa.org/team/235/stats/14242,https://stats.ncaa.org/player/game_by_game?game_sport_year_ctl_id=14242&org_id=235&stats_player_seq=-100
Florida A&M Lady Rattlers ,https://stats.ncaa.org/team/228/stats/14242,https://stats.ncaa.org/player/game_by_game?game_sport_year_ctl_id=14242&org_id=228&stats_player_seq=-100
Florida St. Seminoles,https://stats.ncaa.org/team/234/stats/14242,https://stats.ncaa.org/player/game_by_game?game_sport_year_ctl_id=14242&org_id=234&stats_player_seq=-100
Fordham Rams,https://stats.ncaa.org/team/236/stats/14242,https://stats.ncaa.org/player/game_by_game?game_sport_year_ctl_id=14242&org_id=236&stats_player_seq=-100
Fresno St. Bulldogs,https://stats.ncaa.org/team/96/stats/14242,https://stats.ncaa.org/player/game_by_game?game_sport_year_ctl_id=14242&org_id=96&stats_player_seq=-100
Furman Paladins,https://stats.ncaa.org/team/244/stats/14242,https://stats.ncaa.org/player/game_by_game?game_sport_year_ctl_id=14242&org_id=244&stats_player_seq=-100
Ga. Southern Eagles,https://stats.ncaa.org/team/253/stats/14242,https://stats.ncaa.org/player/game_by_game?game_sport_year_ctl_id=14242&org_id=253&stats_player_seq=-100
Gardner-Webb Runnin' Bulldogs,https://stats.ncaa.org/team/1092/stats/14242,https://stats.ncaa.org/player/game_by_game?game_sport_year_ctl_id=14242&org_id=1092&stats_player_seq=-100
George Mason Patriots,https://stats.ncaa.org/team/248/stats/14242,https://stats.ncaa.org/player/game_by_game?game_sport_year_ctl_id=14242&org_id=248&stats_player_seq=-100
George Washington Colonials,https://stats.ncaa.org/team/249/stats/14242,https://stats.ncaa.org/player/game_by_game?game_sport_year_ctl_id=14242&org_id=249&stats_player_seq=-100
Georgetown Hoyas,https://stats.ncaa.org/team/251/stats/14242,https://stats.ncaa.org/player/game_by_game?game_sport_year_ctl_id=14242&org_id=251&stats_player_seq=-100
Georgia Bulldogs,https://stats.ncaa.org/team/257/stats/14242,https://stats.ncaa.org/player/game_by_game?game_sport_year_ctl_id=14242&org_id=257&stats_player_seq=-100
Georgia St. Panthers,https://stats.ncaa.org/team/254/stats/14242,https://stats.ncaa.org/player/game_by_game?game_sport_year_ctl_id=14242&org_id=254&stats_player_seq=-100
Georgia Tech Yellow Jackets,https://stats.ncaa.org/team/255/stats/14242,https://stats.ncaa.org/player/game_by_game?game_sport_year_ctl_id=14242&org_id=255&stats_player_seq=-100
Gonzaga Bulldogs,https://stats.ncaa.org/team/260/stats/14242,https://stats.ncaa.org/player/game_by_game?game_sport_year_ctl_id=14242&org_id=260&stats_player_seq=-100
Grambling Lady Tigers,https://stats.ncaa.org/team/261/stats/14242,https://stats.ncaa.org/player/game_by_game?game_sport_year_ctl_id=14242&org_id=261&stats_player_seq=-100
Grand Canyon Lopes,https://stats.ncaa.org/team/1104/stats/14242,https://stats.ncaa.org/player/game_by_game?game_sport_year_ctl_id=14242&org_id=1104&stats_player_seq=-100
Green Bay Phoenix,https://stats.ncaa.org/team/794/stats/14242,https://stats.ncaa.org/player/game_by_game?game_sport_year_ctl_id=14242&org_id=794&stats_player_seq=-100
Hampton Lady Pirates,https://stats.ncaa.org/team/270/stats/14242,https://stats.ncaa.org/player/game_by_game?game_sport_year_ctl_id=14242&org_id=270&stats_player_seq=-100
Hartford Hawks,https://stats.ncaa.org/team/272/stats/14242,https://stats.ncaa.org/player/game_by_game?game_sport_year_ctl_id=14242&org_id=272&stats_player_seq=-100
Harvard Crimson,https://stats.ncaa.org/team/275/stats/14242,https://stats.ncaa.org/player/game_by_game?game_sport_year_ctl_id=14242&org_id=275&stats_player_seq=-100
Hawaii Rainbow Wahine,https://stats.ncaa.org/team/277/stats/14242,https://stats.ncaa.org/player/game_by_game?game_sport_year_ctl_id=14242&org_id=277&stats_player_seq=-100
High Point Panthers,https://stats.ncaa.org/team/19651/stats/14242,https://stats.ncaa.org/player/game_by_game?game_sport_year_ctl_id=14242&org_id=19651&stats_player_seq=-100
Hofstra Pride,https://stats.ncaa.org/team/283/stats/14242,https://stats.ncaa.org/player/game_by_game?game_sport_year_ctl_id=14242&org_id=283&stats_player_seq=-100
Holy Cross Crusaders,https://stats.ncaa.org/team/285/stats/14242,https://stats.ncaa.org/player/game_by_game?game_sport_year_ctl_id=14242&org_id=285&stats_player_seq=-100
Houston Cougars,https://stats.ncaa.org/team/288/stats/14242,https://stats.ncaa.org/player/game_by_game?game_sport_year_ctl_id=14242&org_id=288&stats_player_seq=-100
Houston Baptist Huskies,https://stats.ncaa.org/team/287/stats/14242,https://stats.ncaa.org/player/game_by_game?game_sport_year_ctl_id=14242&org_id=287&stats_player_seq=-100
Howard Bison,https://stats.ncaa.org/team/290/stats/14242,https://stats.ncaa.org/player/game_by_game?game_sport_year_ctl_id=14242&org_id=290&stats_player_seq=-100
Idaho Vandals,https://stats.ncaa.org/team/295/stats/14242,https://stats.ncaa.org/player/game_by_game?game_sport_year_ctl_id=14242&org_id=295&stats_player_seq=-100
Idaho St. Bengals,https://stats.ncaa.org/team/294/stats/14242,https://stats.ncaa.org/player/game_by_game?game_sport_year_ctl_id=14242&org_id=294&stats_player_seq=-100
Illinois Fighting Illini,https://stats.ncaa.org/team/301/stats/14242,https://stats.ncaa.org/player/game_by_game?game_sport_year_ctl_id=14242&org_id=301&stats_player_seq=-100
Illinois St. Redbirds,https://stats.ncaa.org/team/299/stats/14242,https://stats.ncaa.org/player/game_by_game?game_sport_year_ctl_id=14242&org_id=299&stats_player_seq=-100
Indiana Hoosiers,https://stats.ncaa.org/team/306/stats/14242,https://stats.ncaa.org/player/game_by_game?game_sport_year_ctl_id=14242&org_id=306&stats_player_seq=-100
Indiana St. Sycamores,https://stats.ncaa.org/team/305/stats/14242,https://stats.ncaa.org/player/game_by_game?game_sport_year_ctl_id=14242&org_id=305&stats_player_seq=-100
Iona Gaels,https://stats.ncaa.org/team/310/stats/14242,https://stats.ncaa.org/player/game_by_game?game_sport_year_ctl_id=14242&org_id=310&stats_player_seq=-100
Iowa Hawkeyes,https://stats.ncaa.org/team/312/stats/14242,https://stats.ncaa.org/player/game_by_game?game_sport_year_ctl_id=14242&org_id=312&stats_player_seq=-100
Iowa St. Cyclones,https://stats.ncaa.org/team/311/stats/14242,https://stats.ncaa.org/player/game_by_game?game_sport_year_ctl_id=14242&org_id=311&stats_player_seq=-100
IUPUI Jaguars,https://stats.ncaa.org/team/2699/stats/14242,https://stats.ncaa.org/player/game_by_game?game_sport_year_ctl_id=14242&org_id=2699&stats_player_seq=-100
Jackson St. Lady Tigers,https://stats.ncaa.org/team/314/stats/14242,https://stats.ncaa.org/player/game_by_game?game_sport_year_ctl_id=14242&org_id=314&stats_player_seq=-100
Jacksonville Dolphins,https://stats.ncaa.org/team/316/stats/14242,https://stats.ncaa.org/player/game_by_game?game_sport_year_ctl_id=14242&org_id=316&stats_player_seq=-100
Jacksonville St. Gamecocks,https://stats.ncaa.org/team/315/stats/14242,https://stats.ncaa.org/player/game_by_game?game_sport_year_ctl_id=14242&org_id=315&stats_player_seq=-100
James Madison Dukes,https://stats.ncaa.org/team/317/stats/14242,https://stats.ncaa.org/player/game_by_game?game_sport_year_ctl_id=14242&org_id=317&stats_player_seq=-100
Kansas Jayhawks,https://stats.ncaa.org/team/328/stats/14242,https://stats.ncaa.org/player/game_by_game?game_sport_year_ctl_id=14242&org_id=328&stats_player_seq=-100
Kansas City Kangaroos,https://stats.ncaa.org/team/2707/stats/14242,https://stats.ncaa.org/player/game_by_game?game_sport_year_ctl_id=14242&org_id=2707&stats_player_seq=-100
Kansas St. Wildcats,https://stats.ncaa.org/team/327/stats/14242,https://stats.ncaa.org/player/game_by_game?game_sport_year_ctl_id=14242&org_id=327&stats_player_seq=-100
Kennesaw St. Owls,https://stats.ncaa.org/team/1157/stats/14242,https://stats.ncaa.org/player/game_by_game?game_sport_year_ctl_id=14242&org_id=1157&stats_player_seq=-100
Kent St. Golden Flashes,https://stats.ncaa.org/team/331/stats/14242,https://stats.ncaa.org/player/game_by_game?game_sport_year_ctl_id=14242&org_id=331&stats_player_seq=-100
Kentucky Wildcats,https://stats.ncaa.org/team/334/stats/14242,https://stats.ncaa.org/player/game_by_game?game_sport_year_ctl_id=14242&org_id=334&stats_player_seq=-100
La Salle Explorers,https://stats.ncaa.org/team/340/stats/14242,https://stats.ncaa.org/player/game_by_game?game_sport_year_ctl_id=14242&org_id=340&stats_player_seq=-100
Lafayette Leopards,https://stats.ncaa.org/team/342/stats/14242,https://stats.ncaa.org/player/game_by_game?game_sport_year_ctl_id=14242&org_id=342&stats_player_seq=-100
Lamar University Cardinals,https://stats.ncaa.org/team/346/stats/14242,https://stats.ncaa.org/player/game_by_game?game_sport_year_ctl_id=14242&org_id=346&stats_player_seq=-100
Lehigh Mountain Hawks,https://stats.ncaa.org/team/352/stats/14242,https://stats.ncaa.org/player/game_by_game?game_sport_year_ctl_id=14242&org_id=352&stats_player_seq=-100
Liberty Lady Flames,https://stats.ncaa.org/team/355/stats/14242,https://stats.ncaa.org/player/game_by_game?game_sport_year_ctl_id=14242&org_id=355&stats_player_seq=-100
Lipscomb Bisons,https://stats.ncaa.org/team/28600/stats/14242,https://stats.ncaa.org/player/game_by_game?game_sport_year_ctl_id=14242&org_id=28600&stats_player_seq=-100
Little Rock Trojans,https://stats.ncaa.org/team/32/stats/14242,https://stats.ncaa.org/player/game_by_game?game_sport_year_ctl_id=14242&org_id=32&stats_player_seq=-100
LIU Sharks,https://stats.ncaa.org/team/361/stats/14242,https://stats.ncaa.org/player/game_by_game?game_sport_year_ctl_id=14242&org_id=361&stats_player_seq=-100
LMU (CA) Lions,https://stats.ncaa.org/team/370/stats/14242,https://stats.ncaa.org/player/game_by_game?game_sport_year_ctl_id=14242&org_id=370&stats_player_seq=-100
Long Beach St. Beach,https://stats.ncaa.org/team/99/stats/14242,https://stats.ncaa.org/player/game_by_game?game_sport_year_ctl_id=14242&org_id=99&stats_player_seq=-100
Louisiana Ragin' Cajuns,https://stats.ncaa.org/team/671/stats/14242,https://stats.ncaa.org/player/game_by_game?game_sport_year_ctl_id=14242&org_id=671&stats_player_seq=-100
Louisiana Tech Lady Techsters,https://stats.ncaa.org/team/366/stats/14242,https://stats.ncaa.org/player/game_by_game?game_sport_year_ctl_id=14242&org_id=366&stats_player_seq=-100
Louisville Cardinals,https://stats.ncaa.org/team/367/stats/14242,https://stats.ncaa.org/player/game_by_game?game_sport_year_ctl_id=14242&org_id=367&stats_player_seq=-100
Loyola Chicago Ramblers,https://stats.ncaa.org/team/371/stats/14242,https://stats.ncaa.org/player/game_by_game?game_sport_year_ctl_id=14242&org_id=371&stats_player_seq=-100
Loyola Maryland Greyhounds,https://stats.ncaa.org/team/369/stats/14242,https://stats.ncaa.org/player/game_by_game?game_sport_year_ctl_id=14242&org_id=369&stats_player_seq=-100
LSU Tigers,https://stats.ncaa.org/team/365/stats/14242,https://stats.ncaa.org/player/game_by_game?game_sport_year_ctl_id=14242&org_id=365&stats_player_seq=-100
Manhattan Jaspers,https://stats.ncaa.org/team/381/stats/14242,https://stats.ncaa.org/player/game_by_game?game_sport_year_ctl_id=14242&org_id=381&stats_player_seq=-100
Marist Red Foxes,https://stats.ncaa.org/team/386/stats/14242,https://stats.ncaa.org/player/game_by_game?game_sport_year_ctl_id=14242&org_id=386&stats_player_seq=-100
Marquette Golden Eagles,https://stats.ncaa.org/team/387/stats/14242,https://stats.ncaa.org/player/game_by_game?game_sport_year_ctl_id=14242&org_id=387&stats_player_seq=-100
Marshall Thundering Herd,https://stats.ncaa.org/team/388/stats/14242,https://stats.ncaa.org/player/game_by_game?game_sport_year_ctl_id=14242&org_id=388&stats_player_seq=-100
"Maryland Terrapins, Terps",https://stats.ncaa.org/team/392/stats/14242,https://stats.ncaa.org/player/game_by_game?game_sport_year_ctl_id=14242&org_id=392&stats_player_seq=-100
McNeese Cowgirls,https://stats.ncaa.org/team/402/stats/14242,https://stats.ncaa.org/player/game_by_game?game_sport_year_ctl_id=14242&org_id=402&stats_player_seq=-100
Memphis Tigers,https://stats.ncaa.org/team/404/stats/14242,https://stats.ncaa.org/player/game_by_game?game_sport_year_ctl_id=14242&org_id=404&stats_player_seq=-100
Mercer Bears,https://stats.ncaa.org/team/406/stats/14242,https://stats.ncaa.org/player/game_by_game?game_sport_year_ctl_id=14242&org_id=406&stats_player_seq=-100
Miami (FL) Hurricanes,https://stats.ncaa.org/team/415/stats/14242,https://stats.ncaa.org/player/game_by_game?game_sport_year_ctl_id=14242&org_id=415&stats_player_seq=-100
Miami (OH) RedHawks,https://stats.ncaa.org/team/414/stats/14242,https://stats.ncaa.org/player/game_by_game?game_sport_year_ctl_id=14242&org_id=414&stats_player_seq=-100
Michigan Wolverines,https://stats.ncaa.org/team/418/stats/14242,https://stats.ncaa.org/player/game_by_game?game_sport_year_ctl_id=14242&org_id=418&stats_player_seq=-100
Michigan St. Spartans,https://stats.ncaa.org/team/416/stats/14242,https://stats.ncaa.org/player/game_by_game?game_sport_year_ctl_id=14242&org_id=416&stats_player_seq=-100
Middle Tenn. Blue Raiders,https://stats.ncaa.org/team/419/stats/14242,https://stats.ncaa.org/player/game_by_game?game_sport_year_ctl_id=14242&org_id=419&stats_player_seq=-100
Milwaukee Panthers,https://stats.ncaa.org/team/797/stats/14242,https://stats.ncaa.org/player/game_by_game?game_sport_year_ctl_id=14242&org_id=797&stats_player_seq=-100
Minnesota Golden Gophers,https://stats.ncaa.org/team/428/stats/14242,https://stats.ncaa.org/player/game_by_game?game_sport_year_ctl_id=14242&org_id=428&stats_player_seq=-100
Mississippi St. Bulldogs,https://stats.ncaa.org/team/430/stats/14242,https://stats.ncaa.org/player/game_by_game?game_sport_year_ctl_id=14242&org_id=430&stats_player_seq=-100
Mississippi Val. Devilettes,https://stats.ncaa.org/team/432/stats/14242,https://stats.ncaa.org/player/game_by_game?game_sport_year_ctl_id=14242&org_id=432&stats_player_seq=-100
Missouri Tigers,https://stats.ncaa.org/team/434/stats/14242,https://stats.ncaa.org/player/game_by_game?game_sport_year_ctl_id=14242&org_id=434&stats_player_seq=-100
Missouri St. Bears,https://stats.ncaa.org/team/669/stats/14242,https://stats.ncaa.org/player/game_by_game?game_sport_year_ctl_id=14242&org_id=669&stats_player_seq=-100
Montana Grizzlies,https://stats.ncaa.org/team/441/stats/14242,https://stats.ncaa.org/player/game_by_game?game_sport_year_ctl_id=14242&org_id=441&stats_player_seq=-100
Montana St. Bobcats,https://stats.ncaa.org/team/440/stats/14242,https://stats.ncaa.org/player/game_by_game?game_sport_year_ctl_id=14242&org_id=440&stats_player_seq=-100
Morehead St. Eagles,https://stats.ncaa.org/team/444/stats/14242,https://stats.ncaa.org/player/game_by_game?game_sport_year_ctl_id=14242&org_id=444&stats_player_seq=-100
Morgan St. Lady Bears,https://stats.ncaa.org/team/446/stats/14242,https://stats.ncaa.org/player/game_by_game?game_sport_year_ctl_id=14242&org_id=446&stats_player_seq=-100
Murray St. Racers,https://stats.ncaa.org/team/454/stats/14242,https://stats.ncaa.org/player/game_by_game?game_sport_year_ctl_id=14242&org_id=454&stats_player_seq=-100
N.C. A&T Aggies,https://stats.ncaa.org/team/488/stats/14242,https://stats.ncaa.org/player/game_by_game?game_sport_year_ctl_id=14242&org_id=488&stats_player_seq=-100
N.C. Central Eagles,https://stats.ncaa.org/team/489/stats/14242,https://stats.ncaa.org/player/game_by_game?game_sport_year_ctl_id=14242&org_id=489&stats_player_seq=-100
Navy Midshipmen,https://stats.ncaa.org/team/726/stats/14242,https://stats.ncaa.org/player/game_by_game?game_sport_year_ctl_id=14242&org_id=726&stats_player_seq=-100
NC State Wolfpack,https://stats.ncaa.org/team/490/stats/14242,https://stats.ncaa.org/player/game_by_game?game_sport_year_ctl_id=14242&org_id=490&stats_player_seq=-100
Nebraska Cornhuskers,https://stats.ncaa.org/team/463/stats/14242,https://stats.ncaa.org/player/game_by_game?game_sport_year_ctl_id=14242&org_id=463&stats_player_seq=-100
Nevada Wolf Pack,https://stats.ncaa.org/team/466/stats/14242,https://stats.ncaa.org/player/game_by_game?game_sport_year_ctl_id=14242&org_id=466&stats_player_seq=-100
New Hampshire Wildcats,https://stats.ncaa.org/team/469/stats/14242,https://stats.ncaa.org/player/game_by_game?game_sport_year_ctl_id=14242&org_id=469&stats_player_seq=-100
New Mexico Lobos,https://stats.ncaa.org/team/473/stats/14242,https://stats.ncaa.org/player/game_by_game?game_sport_year_ctl_id=14242&org_id=473&stats_player_seq=-100
New Mexico St. Aggies,https://stats.ncaa.org/team/472/stats/14242,https://stats.ncaa.org/player/game_by_game?game_sport_year_ctl_id=14242&org_id=472&stats_player_seq=-100
New Orleans Privateers,https://stats.ncaa.org/team/474/stats/14242,https://stats.ncaa.org/player/game_by_game?game_sport_year_ctl_id=14242&org_id=474&stats_player_seq=-100
Niagara Purple Eagles,https://stats.ncaa.org/team/482/stats/14242,https://stats.ncaa.org/player/game_by_game?game_sport_year_ctl_id=14242&org_id=482&stats_player_seq=-100
Nicholls Colonels,https://stats.ncaa.org/team/483/stats/14242,https://stats.ncaa.org/player/game_by_game?game_sport_year_ctl_id=14242&org_id=483&stats_player_seq=-100
NJIT Highlanders,https://stats.ncaa.org/team/471/stats/14242,https://stats.ncaa.org/player/game_by_game?game_sport_year_ctl_id=14242&org_id=471&stats_player_seq=-100
Norfolk St. Spartans,https://stats.ncaa.org/team/485/stats/14242,https://stats.ncaa.org/player/game_by_game?game_sport_year_ctl_id=14242&org_id=485&stats_player_seq=-100
North Ala. Lions,https://stats.ncaa.org/team/487/stats/14242,https://stats.ncaa.org/player/game_by_game?game_sport_year_ctl_id=14242&org_id=487&stats_player_seq=-100
North Carolina Tar Heels,https://stats.ncaa.org/team/457/stats/14242,https://stats.ncaa.org/player/game_by_game?game_sport_year_ctl_id=14242&org_id=457&stats_player_seq=-100
North Dakota Fighting Hawks,https://stats.ncaa.org/team/494/stats/14242,https://stats.ncaa.org/player/game_by_game?game_sport_year_ctl_id=14242&org_id=494&stats_player_seq=-100
North Dakota St. Bison,https://stats.ncaa.org/team/493/stats/14242,https://stats.ncaa.org/player/game_by_game?game_sport_year_ctl_id=14242&org_id=493&stats_player_seq=-100
North Florida Ospreys,https://stats.ncaa.org/team/2711/stats/14242,https://stats.ncaa.org/player/game_by_game?game_sport_year_ctl_id=14242&org_id=2711&stats_player_seq=-100
North Texas Mean Green,https://stats.ncaa.org/team/497/stats/14242,https://stats.ncaa.org/player/game_by_game?game_sport_year_ctl_id=14242&org_id=497&stats_player_seq=-100
Northeastern Huskies,https://stats.ncaa.org/team/500/stats/14242,https://stats.ncaa.org/player/game_by_game?game_sport_year_ctl_id=14242&org_id=500&stats_player_seq=-100
Northern Ariz. Lumberjacks,https://stats.ncaa.org/team/501/stats/14242,https://stats.ncaa.org/player/game_by_game?game_sport_year_ctl_id=14242&org_id=501&stats_player_seq=-100
Northern Colo. Bears,https://stats.ncaa.org/team/502/stats/14242,https://stats.ncaa.org/player/game_by_game?game_sport_year_ctl_id=14242&org_id=502&stats_player_seq=-100
NIU Huskies,https://stats.ncaa.org/team/503/stats/14242,https://stats.ncaa.org/player/game_by_game?game_sport_year_ctl_id=14242&org_id=503&stats_player_seq=-100
Northern Ky. Norse,https://stats.ncaa.org/team/505/stats/14242,https://stats.ncaa.org/player/game_by_game?game_sport_year_ctl_id=14242&org_id=505&stats_player_seq=-100
Northwestern Wildcats,https://stats.ncaa.org/team/509/stats/14242,https://stats.ncaa.org/player/game_by_game?game_sport_year_ctl_id=14242&org_id=509&stats_player_seq=-100
Northwestern St. Lady Demons,https://stats.ncaa.org/team/508/stats/14242,https://stats.ncaa.org/player/game_by_game?game_sport_year_ctl_id=14242&org_id=508&stats_player_seq=-100
Notre Dame Fighting Irish,https://stats.ncaa.org/team/513/stats/14242,https://stats.ncaa.org/player/game_by_game?game_sport_year_ctl_id=14242&org_id=513&stats_player_seq=-100
Oakland Golden Grizzlies,https://stats.ncaa.org/team/514/stats/14242,https://stats.ncaa.org/player/game_by_game?game_sport_year_ctl_id=14242&org_id=514&stats_player_seq=-100
Ohio Bobcats,https://stats.ncaa.org/team/519/stats/14242,https://stats.ncaa.org/player/game_by_game?game_sport_year_ctl_id=14242&org_id=519&stats_player_seq=-100
Ohio St. Buckeyes,https://stats.ncaa.org/team/518/stats/14242,https://stats.ncaa.org/player/game_by_game?game_sport_year_ctl_id=14242&org_id=518&stats_player_seq=-100
Oklahoma Sooners,https://stats.ncaa.org/team/522/stats/14242,https://stats.ncaa.org/player/game_by_game?game_sport_year_ctl_id=14242&org_id=522&stats_player_seq=-100
Ole Miss Rebels,https://stats.ncaa.org/team/433/stats/14242,https://stats.ncaa.org/player/game_by_game?game_sport_year_ctl_id=14242&org_id=433&stats_player_seq=-100
Omaha Mavericks,https://stats.ncaa.org/team/464/stats/14242,https://stats.ncaa.org/player/game_by_game?game_sport_year_ctl_id=14242&org_id=464&stats_player_seq=-100
Oral Roberts Golden Eagles,https://stats.ncaa.org/team/527/stats/14242,https://stats.ncaa.org/player/game_by_game?game_sport_year_ctl_id=14242&org_id=527&stats_player_seq=-100
Oregon Ducks,https://stats.ncaa.org/team/529/stats/14242,https://stats.ncaa.org/player/game_by_game?game_sport_year_ctl_id=14242&org_id=529&stats_player_seq=-100
Oregon St. Beavers,https://stats.ncaa.org/team/528/stats/14242,https://stats.ncaa.org/player/game_by_game?game_sport_year_ctl_id=14242&org_id=528&stats_player_seq=-100
Pacific Tigers,https://stats.ncaa.org/team/534/stats/14242,https://stats.ncaa.org/player/game_by_game?game_sport_year_ctl_id=14242&org_id=534&stats_player_seq=-100
Penn Quakers,https://stats.ncaa.org/team/540/stats/14242,https://stats.ncaa.org/player/game_by_game?game_sport_year_ctl_id=14242&org_id=540&stats_player_seq=-100
Penn St. Nittany Lions,https://stats.ncaa.org/team/539/stats/14242,https://stats.ncaa.org/player/game_by_game?game_sport_year_ctl_id=14242&org_id=539&stats_player_seq=-100
Pepperdine Waves,https://stats.ncaa.org/team/541/stats/14242,https://stats.ncaa.org/player/game_by_game?game_sport_year_ctl_id=14242&org_id=541&stats_player_seq=-100
Pittsburgh Panthers,https://stats.ncaa.org/team/545/stats/14242,https://stats.ncaa.org/player/game_by_game?game_sport_year_ctl_id=14242&org_id=545&stats_player_seq=-100
Portland Pilots,https://stats.ncaa.org/team/551/stats/14242,https://stats.ncaa.org/player/game_by_game?game_sport_year_ctl_id=14242&org_id=551&stats_player_seq=-100
Portland St. Vikings,https://stats.ncaa.org/team/550/stats/14242,https://stats.ncaa.org/player/game_by_game?game_sport_year_ctl_id=14242&org_id=550&stats_player_seq=-100
Prairie View Lady Panthers,https://stats.ncaa.org/team/553/stats/14242,https://stats.ncaa.org/player/game_by_game?game_sport_year_ctl_id=14242&org_id=553&stats_player_seq=-100
Presbyterian Blue Hose,https://stats.ncaa.org/team/1320/stats/14242,https://stats.ncaa.org/player/game_by_game?game_sport_year_ctl_id=14242&org_id=1320&stats_player_seq=-100
Princeton Tigers,https://stats.ncaa.org/team/554/stats/14242,https://stats.ncaa.org/player/game_by_game?game_sport_year_ctl_id=14242&org_id=554&stats_player_seq=-100
Providence Friars,https://stats.ncaa.org/team/556/stats/14242,https://stats.ncaa.org/player/game_by_game?game_sport_year_ctl_id=14242&org_id=556&stats_player_seq=-100
Purdue Boilermakers,https://stats.ncaa.org/team/559/stats/14242,https://stats.ncaa.org/player/game_by_game?game_sport_year_ctl_id=14242&org_id=559&stats_player_seq=-100
Purdue Fort Wayne Mastodons,https://stats.ncaa.org/team/308/stats/14242,https://stats.ncaa.org/player/game_by_game?game_sport_year_ctl_id=14242&org_id=308&stats_player_seq=-100
Quinnipiac Bobcats,https://stats.ncaa.org/team/562/stats/14242,https://stats.ncaa.org/player/game_by_game?game_sport_year_ctl_id=14242&org_id=562&stats_player_seq=-100
Radford Highlanders,https://stats.ncaa.org/team/563/stats/14242,https://stats.ncaa.org/player/game_by_game?game_sport_year_ctl_id=14242&org_id=563&stats_player_seq=-100
Rhode Island Rams,https://stats.ncaa.org/team/572/stats/14242,https://stats.ncaa.org/player/game_by_game?game_sport_year_ctl_id=14242&org_id=572&stats_player_seq=-100
Rice Owls,https://stats.ncaa.org/team/574/stats/14242,https://stats.ncaa.org/player/game_by_game?game_sport_year_ctl_id=14242&org_id=574&stats_player_seq=-100
Rider Broncs,https://stats.ncaa.org/team/576/stats/14242,https://stats.ncaa.org/player/game_by_game?game_sport_year_ctl_id=14242&org_id=576&stats_player_seq=-100
Robert Morris Colonials,https://stats.ncaa.org/team/579/stats/14242,https://stats.ncaa.org/player/game_by_game?game_sport_year_ctl_id=14242&org_id=579&stats_player_seq=-100
Rutgers Scarlet Knights,https://stats.ncaa.org/team/587/stats/14242,https://stats.ncaa.org/player/game_by_game?game_sport_year_ctl_id=14242&org_id=587&stats_player_seq=-100
Sacramento St. Hornets,https://stats.ncaa.org/team/102/stats/14242,https://stats.ncaa.org/player/game_by_game?game_sport_year_ctl_id=14242&org_id=102&stats_player_seq=-100
Sacred Heart Pioneers,https://stats.ncaa.org/team/590/stats/14242,https://stats.ncaa.org/player/game_by_game?game_sport_year_ctl_id=14242&org_id=590&stats_player_seq=-100
Saint Francis (PA) The Red Flash,https://stats.ncaa.org/team/600/stats/14242,https://stats.ncaa.org/player/game_by_game?game_sport_year_ctl_id=14242&org_id=600&stats_player_seq=-100
Saint Louis Billikens,https://stats.ncaa.org/team/609/stats/14242,https://stats.ncaa.org/player/game_by_game?game_sport_year_ctl_id=14242&org_id=609&stats_player_seq=-100
Saint Mary's (CA) Gaels,https://stats.ncaa.org/team/610/stats/14242,https://stats.ncaa.org/player/game_by_game?game_sport_year_ctl_id=14242&org_id=610&stats_player_seq=-100
Saint Peter's Peacocks,https://stats.ncaa.org/team/617/stats/14242,https://stats.ncaa.org/player/game_by_game?game_sport_year_ctl_id=14242&org_id=617&stats_player_seq=-100
Sam Houston Bearkats,https://stats.ncaa.org/team/624/stats/14242,https://stats.ncaa.org/player/game_by_game?game_sport_year_ctl_id=14242&org_id=624&stats_player_seq=-100
Samford Bulldogs,https://stats.ncaa.org/team/625/stats/14242,https://stats.ncaa.org/player/game_by_game?game_sport_year_ctl_id=14242&org_id=625&stats_player_seq=-100
San Diego Toreros,https://stats.ncaa.org/team/627/stats/14242,https://stats.ncaa.org/player/game_by_game?game_sport_year_ctl_id=14242&org_id=627&stats_player_seq=-100
San Diego St. Aztecs,https://stats.ncaa.org/team/626/stats/14242,https://stats.ncaa.org/player/game_by_game?game_sport_year_ctl_id=14242&org_id=626&stats_player_seq=-100
San Francisco Dons,https://stats.ncaa.org/team/629/stats/14242,https://stats.ncaa.org/player/game_by_game?game_sport_year_ctl_id=14242&org_id=629&stats_player_seq=-100
San Jose St. Spartans,https://stats.ncaa.org/team/630/stats/14242,https://stats.ncaa.org/player/game_by_game?game_sport_year_ctl_id=14242&org_id=630&stats_player_seq=-100
Santa Clara Broncos,https://stats.ncaa.org/team/631/stats/14242,https://stats.ncaa.org/player/game_by_game?game_sport_year_ctl_id=14242&org_id=631&stats_player_seq=-100
Savannah St. Lady Tigers,https://stats.ncaa.org/team/632/stats/14242,https://stats.ncaa.org/player/game_by_game?game_sport_year_ctl_id=14242&org_id=632&stats_player_seq=-100
Seattle U Redhawks,https://stats.ncaa.org/team/1356/stats/14242,https://stats.ncaa.org/player/game_by_game?game_sport_year_ctl_id=14242&org_id=1356&stats_player_seq=-100
Seton Hall Pirates,https://stats.ncaa.org/team/635/stats/14242,https://stats.ncaa.org/player/game_by_game?game_sport_year_ctl_id=14242&org_id=635&stats_player_seq=-100
SFA Ladyjacks,https://stats.ncaa.org/team/676/stats/14242,https://stats.ncaa.org/player/game_by_game?game_sport_year_ctl_id=14242&org_id=676&stats_player_seq=-100
Siena Saints,https://stats.ncaa.org/team/639/stats/14242,https://stats.ncaa.org/player/game_by_game?game_sport_year_ctl_id=14242&org_id=639&stats_player_seq=-100
SIUE Cougars,https://stats.ncaa.org/team/660/stats/14242,https://stats.ncaa.org/player/game_by_game?game_sport_year_ctl_id=14242&org_id=660&stats_player_seq=-100
SMU Mustangs,https://stats.ncaa.org/team/663/stats/14242,https://stats.ncaa.org/player/game_by_game?game_sport_year_ctl_id=14242&org_id=663&stats_player_seq=-100
South Alabama Jaguars,https://stats.ncaa.org/team/646/stats/14242,https://stats.ncaa.org/player/game_by_game?game_sport_year_ctl_id=14242&org_id=646&stats_player_seq=-100
South Carolina Gamecocks,https://stats.ncaa.org/team/648/stats/14242,https://stats.ncaa.org/player/game_by_game?game_sport_year_ctl_id=14242&org_id=648&stats_player_seq=-100
South Carolina St. Lady Bulldogs,https://stats.ncaa.org/team/647/stats/14242,https://stats.ncaa.org/player/game_by_game?game_sport_year_ctl_id=14242&org_id=647&stats_player_seq=-100
South Dakota Coyotes,https://stats.ncaa.org/team/650/stats/14242,https://stats.ncaa.org/player/game_by_game?game_sport_year_ctl_id=14242&org_id=650&stats_player_seq=-100
South Dakota St. Jackrabbits,https://stats.ncaa.org/team/649/stats/14242,https://stats.ncaa.org/player/game_by_game?game_sport_year_ctl_id=14242&org_id=649&stats_player_seq=-100
South Fla. Bulls,https://stats.ncaa.org/team/651/stats/14242,https://stats.ncaa.org/player/game_by_game?game_sport_year_ctl_id=14242&org_id=651&stats_player_seq=-100
Southeast Mo. St. Redhawks,https://stats.ncaa.org/team/654/stats/14242,https://stats.ncaa.org/player/game_by_game?game_sport_year_ctl_id=14242&org_id=654&stats_player_seq=-100
Southeastern La. Lady Lions,https://stats.ncaa.org/team/655/stats/14242,https://stats.ncaa.org/player/game_by_game?game_sport_year_ctl_id=14242&org_id=655&stats_player_seq=-100
Southern California Women of Troy,https://stats.ncaa.org/team/657/stats/14242,https://stats.ncaa.org/player/game_by_game?game_sport_year_ctl_id=14242&org_id=657&stats_player_seq=-100
Southern Ill. Salukis,https://stats.ncaa.org/team/659/stats/14242,https://stats.ncaa.org/player/game_by_game?game_sport_year_ctl_id=14242&org_id=659&stats_player_seq=-100
Southern Miss. Golden Eagles,https://stats.ncaa.org/team/664/stats/14242,https://stats.ncaa.org/player/game_by_game?game_sport_year_ctl_id=14242&org_id=664&stats_player_seq=-100
Southern U. Lady Jaguars,https://stats.ncaa.org/team/665/stats/14242,https://stats.ncaa.org/player/game_by_game?game_sport_year_ctl_id=14242&org_id=665&stats_player_seq=-100
Southern Utah Thunderbirds,https://stats.ncaa.org/team/667/stats/14242,https://stats.ncaa.org/player/game_by_game?game_sport_year_ctl_id=14242&org_id=667&stats_player_seq=-100
St. Francis Brooklyn Terriers,https://stats.ncaa.org/team/599/stats/14242,https://stats.ncaa.org/player/game_by_game?game_sport_year_ctl_id=14242&org_id=599&stats_player_seq=-100
St. John's (NY) Red Storm,https://stats.ncaa.org/team/603/stats/14242,https://stats.ncaa.org/player/game_by_game?game_sport_year_ctl_id=14242&org_id=603&stats_player_seq=-100
Stanford Cardinal,https://stats.ncaa.org/team/674/stats/14242,https://stats.ncaa.org/player/game_by_game?game_sport_year_ctl_id=14242&org_id=674&stats_player_seq=-100
Stetson Hatters,https://stats.ncaa.org/team/678/stats/14242,https://stats.ncaa.org/player/game_by_game?game_sport_year_ctl_id=14242&org_id=678&stats_player_seq=-100
Stony Brook Seawolves,https://stats.ncaa.org/team/683/stats/14242,https://stats.ncaa.org/player/game_by_game?game_sport_year_ctl_id=14242&org_id=683&stats_player_seq=-100
Syracuse Orange,https://stats.ncaa.org/team/688/stats/14242,https://stats.ncaa.org/player/game_by_game?game_sport_year_ctl_id=14242&org_id=688&stats_player_seq=-100
TCU Horned Frogs,https://stats.ncaa.org/team/698/stats/14242,https://stats.ncaa.org/player/game_by_game?game_sport_year_ctl_id=14242&org_id=698&stats_player_seq=-100
Temple Owls,https://stats.ncaa.org/team/690/stats/14242,https://stats.ncaa.org/player/game_by_game?game_sport_year_ctl_id=14242&org_id=690&stats_player_seq=-100
Tennessee Volunteers,https://stats.ncaa.org/team/694/stats/14242,https://stats.ncaa.org/player/game_by_game?game_sport_year_ctl_id=14242&org_id=694&stats_player_seq=-100
Tennessee St. Lady Tigers,https://stats.ncaa.org/team/691/stats/14242,https://stats.ncaa.org/player/game_by_game?game_sport_year_ctl_id=14242&org_id=691&stats_player_seq=-100
Tennessee Tech Golden Eagles,https://stats.ncaa.org/team/692/stats/14242,https://stats.ncaa.org/player/game_by_game?game_sport_year_ctl_id=14242&org_id=692&stats_player_seq=-100
Texas Longhorns,https://stats.ncaa.org/team/703/stats/14242,https://stats.ncaa.org/player/game_by_game?game_sport_year_ctl_id=14242&org_id=703&stats_player_seq=-100
Texas A&M Aggies,https://stats.ncaa.org/team/697/stats/14242,https://stats.ncaa.org/player/game_by_game?game_sport_year_ctl_id=14242&org_id=697&stats_player_seq=-100
Texas Southern Lady Tigers,https://stats.ncaa.org/team/699/stats/14242,https://stats.ncaa.org/player/game_by_game?game_sport_year_ctl_id=14242&org_id=699&stats_player_seq=-100
Texas St. Bobcats,https://stats.ncaa.org/team/670/stats/14242,https://stats.ncaa.org/player/game_by_game?game_sport_year_ctl_id=14242&org_id=670&stats_player_seq=-100
Texas Tech Red Raiders,https://stats.ncaa.org/team/700/stats/14242,https://stats.ncaa.org/player/game_by_game?game_sport_year_ctl_id=14242&org_id=700&stats_player_seq=-100
"The Citadel Bulldogs, Cadets",https://stats.ncaa.org/team/141/stats/14242,https://stats.ncaa.org/player/game_by_game?game_sport_year_ctl_id=14242&org_id=141&stats_player_seq=-100
Toledo Rockets,https://stats.ncaa.org/team/709/stats/14242,https://stats.ncaa.org/player/game_by_game?game_sport_year_ctl_id=14242&org_id=709&stats_player_seq=-100
Towson Tigers,https://stats.ncaa.org/team/711/stats/14242,https://stats.ncaa.org/player/game_by_game?game_sport_year_ctl_id=14242&org_id=711&stats_player_seq=-100
Troy Trojans,https://stats.ncaa.org/team/716/stats/14242,https://stats.ncaa.org/player/game_by_game?game_sport_year_ctl_id=14242&org_id=716&stats_player_seq=-100
Tulane Green Wave,https://stats.ncaa.org/team/718/stats/14242,https://stats.ncaa.org/player/game_by_game?game_sport_year_ctl_id=14242&org_id=718&stats_player_seq=-100
Tulsa Golden Hurricane,https://stats.ncaa.org/team/719/stats/14242,https://stats.ncaa.org/player/game_by_game?game_sport_year_ctl_id=14242&org_id=719&stats_player_seq=-100
UAB Blazers,https://stats.ncaa.org/team/9/stats/14242,https://stats.ncaa.org/player/game_by_game?game_sport_year_ctl_id=14242&org_id=9&stats_player_seq=-100
UC Davis Aggies,https://stats.ncaa.org/team/108/stats/14242,https://stats.ncaa.org/player/game_by_game?game_sport_year_ctl_id=14242&org_id=108&stats_player_seq=-100
UC Irvine Anteaters,https://stats.ncaa.org/team/109/stats/14242,https://stats.ncaa.org/player/game_by_game?game_sport_year_ctl_id=14242&org_id=109&stats_player_seq=-100
UC Riverside Highlanders,https://stats.ncaa.org/team/111/stats/14242,https://stats.ncaa.org/player/game_by_game?game_sport_year_ctl_id=14242&org_id=111&stats_player_seq=-100
UC Santa Barbara Gauchos,https://stats.ncaa.org/team/104/stats/14242,https://stats.ncaa.org/player/game_by_game?game_sport_year_ctl_id=14242&org_id=104&stats_player_seq=-100
UCF Knights,https://stats.ncaa.org/team/128/stats/14242,https://stats.ncaa.org/player/game_by_game?game_sport_year_ctl_id=14242&org_id=128&stats_player_seq=-100
UCLA Bruins,https://stats.ncaa.org/team/110/stats/14242,https://stats.ncaa.org/player/game_by_game?game_sport_year_ctl_id=14242&org_id=110&stats_player_seq=-100
UConn Huskies,https://stats.ncaa.org/team/164/stats/14242,https://stats.ncaa.org/player/game_by_game?game_sport_year_ctl_id=14242&org_id=164&stats_player_seq=-100
UIC Flames,https://stats.ncaa.org/team/302/stats/14242,https://stats.ncaa.org/player/game_by_game?game_sport_year_ctl_id=14242&org_id=302&stats_player_seq=-100
UIW Cardinals,https://stats.ncaa.org/team/2743/stats/14242,https://stats.ncaa.org/player/game_by_game?game_sport_year_ctl_id=14242&org_id=2743&stats_player_seq=-100
ULM Warhawks,https://stats.ncaa.org/team/498/stats/14242,https://stats.ncaa.org/player/game_by_game?game_sport_year_ctl_id=14242&org_id=498&stats_player_seq=-100
UMass Lowell River Hawks,https://stats.ncaa.org/team/368/stats/14242,https://stats.ncaa.org/player/game_by_game?game_sport_year_ctl_id=14242&org_id=368&stats_player_seq=-100
UMBC Retrievers,https://stats.ncaa.org/team/391/stats/14242,https://stats.ncaa.org/player/game_by_game?game_sport_year_ctl_id=14242&org_id=391&stats_player_seq=-100
UMES Hawks,https://stats.ncaa.org/team/393/stats/14242,https://stats.ncaa.org/player/game_by_game?game_sport_year_ctl_id=14242&org_id=393&stats_player_seq=-100
UNC Asheville Bulldogs,https://stats.ncaa.org/team/456/stats/14242,https://stats.ncaa.org/player/game_by_game?game_sport_year_ctl_id=14242&org_id=456&stats_player_seq=-100
UNC Greensboro Spartans,https://stats.ncaa.org/team/459/stats/14242,https://stats.ncaa.org/player/game_by_game?game_sport_year_ctl_id=14242&org_id=459&stats_player_seq=-100
UNCW Seahawks,https://stats.ncaa.org/team/460/stats/14242,https://stats.ncaa.org/player/game_by_game?game_sport_year_ctl_id=14242&org_id=460&stats_player_seq=-100
UNI Panthers,https://stats.ncaa.org/team/504/stats/14242,https://stats.ncaa.org/player/game_by_game?game_sport_year_ctl_id=14242&org_id=504&stats_player_seq=-100
UNLV Lady Rebels,https://stats.ncaa.org/team/465/stats/14242,https://stats.ncaa.org/player/game_by_game?game_sport_year_ctl_id=14242&org_id=465&stats_player_seq=-100
USC Upstate Spartans,https://stats.ncaa.org/team/10411/stats/14242,https://stats.ncaa.org/player/game_by_game?game_sport_year_ctl_id=14242&org_id=10411&stats_player_seq=-100
UT Arlington Mavericks,https://stats.ncaa.org/team/702/stats/14242,https://stats.ncaa.org/player/game_by_game?game_sport_year_ctl_id=14242&org_id=702&stats_player_seq=-100
UT Martin Skyhawks,https://stats.ncaa.org/team/695/stats/14242,https://stats.ncaa.org/player/game_by_game?game_sport_year_ctl_id=14242&org_id=695&stats_player_seq=-100
Utah Utes,https://stats.ncaa.org/team/732/stats/14242,https://stats.ncaa.org/player/game_by_game?game_sport_year_ctl_id=14242&org_id=732&stats_player_seq=-100
Utah St. Aggies,https://stats.ncaa.org/team/731/stats/14242,https://stats.ncaa.org/player/game_by_game?game_sport_year_ctl_id=14242&org_id=731&stats_player_seq=-100
Utah Valley Wolverines,https://stats.ncaa.org/team/30024/stats/14242,https://stats.ncaa.org/player/game_by_game?game_sport_year_ctl_id=14242&org_id=30024&stats_player_seq=-100
UTEP Miners,https://stats.ncaa.org/team/704/stats/14242,https://stats.ncaa.org/player/game_by_game?game_sport_year_ctl_id=14242&org_id=704&stats_player_seq=-100
UTRGV Vaqueros,https://stats.ncaa.org/team/536/stats/14242,https://stats.ncaa.org/player/game_by_game?game_sport_year_ctl_id=14242&org_id=536&stats_player_seq=-100
UTSA Roadrunners,https://stats.ncaa.org/team/706/stats/14242,https://stats.ncaa.org/player/game_by_game?game_sport_year_ctl_id=14242&org_id=706&stats_player_seq=-100
Valparaiso Beacons,https://stats.ncaa.org/team/735/stats/14242,https://stats.ncaa.org/player/game_by_game?game_sport_year_ctl_id=14242&org_id=735&stats_player_seq=-100
VCU Rams,https://stats.ncaa.org/team/740/stats/14242,https://stats.ncaa.org/player/game_by_game?game_sport_year_ctl_id=14242&org_id=740&stats_player_seq=-100
Villanova Wildcats,https://stats.ncaa.org/team/739/stats/14242,https://stats.ncaa.org/player/game_by_game?game_sport_year_ctl_id=14242&org_id=739&stats_player_seq=-100
Virginia Cavaliers,https://stats.ncaa.org/team/746/stats/14242,https://stats.ncaa.org/player/game_by_game?game_sport_year_ctl_id=14242&org_id=746&stats_player_seq=-100
Virginia Tech Hokies,https://stats.ncaa.org/team/742/stats/14242,https://stats.ncaa.org/player/game_by_game?game_sport_year_ctl_id=14242&org_id=742&stats_player_seq=-100
Wake Forest Demon Deacons,https://stats.ncaa.org/team/749/stats/14242,https://stats.ncaa.org/player/game_by_game?game_sport_year_ctl_id=14242&org_id=749&stats_player_seq=-100
Washington Huskies,https://stats.ncaa.org/team/756/stats/14242,https://stats.ncaa.org/player/game_by_game?game_sport_year_ctl_id=14242&org_id=756&stats_player_seq=-100
Washington St. Cougars,https://stats.ncaa.org/team/754/stats/14242,https://stats.ncaa.org/player/game_by_game?game_sport_year_ctl_id=14242&org_id=754&stats_player_seq=-100
Weber St. Wildcats,https://stats.ncaa.org/team/758/stats/14242,https://stats.ncaa.org/player/game_by_game?game_sport_year_ctl_id=14242&org_id=758&stats_player_seq=-100
West Virginia Mountaineers,https://stats.ncaa.org/team/768/stats/14242,https://stats.ncaa.org/player/game_by_game?game_sport_year_ctl_id=14242&org_id=768&stats_player_seq=-100
Western Caro. Catamounts,https://stats.ncaa.org/team/769/stats/14242,https://stats.ncaa.org/player/game_by_game?game_sport_year_ctl_id=14242&org_id=769&stats_player_seq=-100
Western Ill. Leathernecks,https://stats.ncaa.org/team/771/stats/14242,https://stats.ncaa.org/player/game_by_game?game_sport_year_ctl_id=14242&org_id=771&stats_player_seq=-100
Western Ky. Lady Toppers,https://stats.ncaa.org/team/772/stats/14242,https://stats.ncaa.org/player/game_by_game?game_sport_year_ctl_id=14242&org_id=772&stats_player_seq=-100
Western Mich. Broncos,https://stats.ncaa.org/team/774/stats/14242,https://stats.ncaa.org/player/game_by_game?game_sport_year_ctl_id=14242&org_id=774&stats_player_seq=-100
Wichita St. Shockers,https://stats.ncaa.org/team/782/stats/14242,https://stats.ncaa.org/player/game_by_game?game_sport_year_ctl_id=14242&org_id=782&stats_player_seq=-100
William & Mary Tribe,https://stats.ncaa.org/team/786/stats/14242,https://stats.ncaa.org/player/game_by_game?game_sport_year_ctl_id=14242&org_id=786&stats_player_seq=-100
Winthrop Eagles,https://stats.ncaa.org/team/792/stats/14242,https://stats.ncaa.org/player/game_by_game?game_sport_year_ctl_id=14242&org_id=792&stats_player_seq=-100
Wisconsin Badgers,https://stats.ncaa.org/team/796/stats/14242,https://stats.ncaa.org/player/game_by_game?game_sport_year_ctl_id=14242&org_id=796&stats_player_seq=-100
Wofford Terriers,https://stats.ncaa.org/team/2915/stats/14242,https://stats.ncaa.org/player/game_by_game?game_sport_year_ctl_id=14242&org_id=2915&stats_player_seq=-100
Wright St. Raiders,https://stats.ncaa.org/team/810/stats/14242,https://stats.ncaa.org/player/game_by_game?game_sport_year_ctl_id=14242&org_id=810&stats_player_seq=-100
Wyoming Cowgirls,https://stats.ncaa.org/team/811/stats/14242,https://stats.ncaa.org/player/game_by_game?game_sport_year_ctl_id=14242&org_id=811&stats_player_seq=-100
Xavier Musketeers,https://stats.ncaa.org/team/812/stats/14242,https://stats.ncaa.org/player/game_by_game?game_sport_year_ctl_id=14242&org_id=812&stats_player_seq=-100
Yale Bulldogs,https://stats.ncaa.org/team/813/stats/14242,https://stats.ncaa.org/player/game_by_game?game_sport_year_ctl_id=14242&org_id=813&stats_player_seq=-100
Youngstown St. Penguins,https://stats.ncaa.org/team/817/stats/14242,https://stats.ncaa.org/player/game_by_game?game_sport_year_ctl_id=14242&org_id=817&stats_player_seq=-100
